entity,entity_frequency
scientists,60
NNS,55264
patients,8412
works,14
backs,16
pts,415
data,1502
cll,409
decisions,77
wales,9
drugapprovals,2
healthnews,13
clinicaltrials,178
forms,25
recommendations,74
groups,62
adults,721
lifesciences,8
clinicalresearchnews,1
biotechnews,1
lifesciencesnews,1
medicalnews,4
healthcarenews,1
pharmiwebnews,1
treatments,582
options,648
drugs,507
nustendi,1
trustees,3
malignancies,324
lymsm,16
mdandersonnews,566
results,1083
subgroups,7
investigators,41
protocols,4
rds,1
vaccines,49
maria,6
inspections,1
inhibitors,563
tgtherapeutics,34
views,12
events,130
studies,240
relref,1
pharmacoeconomics,1
von,2
discusses,250
years,463
meets,39
claims,22
atteints,13
les,34
findrugs,1
effects,276
issues,66
pfs,12
terms,24
things,83
marketers,2
media,103
mmmnews,1
cases,163
abbvies,71
outcomes,358
medicines,59
tops,5
touts,7
mondays,2
reviews,18
pharmatopnews,3
oncologytopnews,2
exhibits,7
brainsights,3
ios,6
johnsons,4
reports,196
heels,1
people,530
receives,65
recieves,1
tickers,11
pharmanews,18
angesichts,2
wins,33
happens,12
oncologists,32
trials,598
therapies,577
criteria,21
conditions,54
richters,165
players,30
auf,1
das,10
manufacturers,32
arms,6
roids,1
retics,1
assessments,5
documents,2
toxicities,65
months,125
assets,2
kinumpirma,1
therapeutics,286
clínicos,1
resources,127
beigenes,17
heads,19
pharmatimes,21
populations,19
dr,21
implications,106
findings,163
reinforces,12
moab,1
mcl,13
ncri_partners,4
shows,230
pharma,12
storms,4
levels,112
systems,26
thanks,278
reveals,112
btkis,2
oncologistshematologists,6
ads,7
cars,14
comunes,3
congratulations,70
attendees,16
bomboradyonews,1
deaths,14
interventions,12
cancers,315
tumours,4
steals,3
deals,5
évaluons,1
dans,39
des,45
days,117
approvals,32
symptoms,179
presentations,70
connections,12
experiences,28
answers,66
questions,277
misses,1
calquencehcp,1
times,84
australia,8
oncnews,1
jobs,40
ema_news,8
meds,26
jims,1
tras,3
registrations,11
avances,3
adultos,3
fails,6
chocs,4
cytokiniques,4
pacientes,33
respiratorios,1
repurposed_meds,1
phb,1
mednews,4
todays,65
tensions,1
officials,1
hits,15
industria,2
pressures,4
flunks,4
rates,247
failures,3
btki,3
pharmaceuticals,37
molecules,20
rushes,12
sfbn,2
flops,3
disappoints,1
formes,1
du,2
con,1
cancernews,75
cancerdata,2
countries,29
learnings,9
needs,40
tells,16
lines,44
dc,1
orphanpacifics,2
brutons,71
eliminates,2
ones,33
cells,1175
eyes,15
abscbnnews,1
acalabrutinib,37
trades,4
candidates,12
lymphoma,12
b,5
abs,1
kakapes,1
weeks,99
experts,603
doktornews,1
daycosecurities,1
astrazenecanews,1
acalabrutinibcapsules,2
stockmarketnews,4
capsules,15
types,158
etindustrynews,3
approaches,116
governments,5
organizations,5
mangonews,1
theprints,2
seeks,1
bests,9
subjects,61
osuccc_james,57
clinicaltherapeutics,1
physicians,43
cytokines,14
oncnursingnews,2
dropouts,1
caluquences,1
antineoplastics,1
enters,8
members,105
agents,369
sites,13
updatecongratulations,1
features,70
lacks,2
gc,1
highlights,205
regimens,63
responses,230
concerns,26
headaches,11
abdomen,1
p,7
colleagues,118
australians,2
benefits,111
keytruda,1
pays,5
btkinhibitors,61
leedshospitals,46
hours,34
patterns,100
tiansterzhang,1
wileynews,1
suivi,1
ans,7
presents,144
strategies,214
phillips,17
moffittnews,40
charges,1
dollars,3
shills,1
oms,2
meses,1
id,1
pembro,1
urothelialcarcinoma,1
neerajaiims,1
guidelines,130
lymphomamatters,19
researchers,243
pharmpracnews,1
ventilators,9
als,12
avapritinib,3
janssenpharmacyclics,1
adopts,3
participants,66
stocks,28
shares,258
ratings,4
notes,8
differences,56
markers,103
louis,3
stages,28
monocytes,14
macrophages,21
dificultades,1
hospitalespañoldebuenosaires,1
negatives,1
pigs,1
whitecoats,1
dtwmarkethighlights,1
sales,35
problems,20
announces,347
covidclinicaltrials,3
pandemics,3
injustices,1
coworkers,6
mentors,3
kinds,5
c,11
ouhospitals,13
アストラゼネカ慢性リンパ性白血病治療薬calquenceの試験結果を発表,1
pulsebeatnews,1
samples,26
counts,8
catalysts,3
attacks,3
boosts,31
requests,2
dont,4
acertas,20
graves,29
gt,4
comparisons,12
centros,2
comerciales,2
résultats,5
jugeons,1
partageons,1
remissions,105
reactions,17
allergies,5
improvements,8
pharmacodynamics,4
médicos,1
conclusiones,1
predictions,3
caretas,1
comercios,1
insights,178
ards,5
forbes,55
towards,30
regimen,193
cánceres,4
jefferies,4
analysts,7
companies,42
launches,16
nordisks,3
calquencetrials,1
ibrutinibibrutinib,1
signs,45
países,2
nouvelles,4
cellules,4
iigegevens,1
bzelllymphomen,1
régimen,1
u,2
lungs,3
talkingheads,1
blocks,18
others,129
hiperinflamatoria,3
chronicdiseases,1
las,25
mata,2
recuperas,2
details,105
waldenstroms,16
oncologytimes,7
minutes,36
children,54
comments,30
states,54
hospitalizations,1
comparators,1
pantallas,1
proteína,4
doctors,129
devices,2
investigadores,7
beneficios,5
ahora,4
estudios,4
paises,1
centers,34
trata,3
barricadanews,1
células,4
buenos,3
gracias,7
reduces,13
mejora,3
primeros,3
citoquinas,1
chris_writes,1
beverages,1
knew,2
recommends,3
marcadores,2
showcases,3
covidpatients,2
requirements,6
difficulties,8
targets,57
completos,1
astrazeneca,9
investigaciones,1
globalconnections,1
suggests,6
impacts,20
syndromes,9
articles,25
infectiousdiseases,1
bodies,3
cv,1
sakalnews,1
identifies,53
vents,1
hospitals,11
tips,60
receptors,48
covids,1
men,22
göras,1
markets,51
areas,21
ideas,27
knows,2
tests,103
reuters,85
indicios,2
visitanos,1
spectaculaires,1
varios,1
cuadros,1
saturdaythoughts,1
funops,1
debugliesnews,3
noticias,1
veces,2
sjukdomen,1
behandlats,1
coronavirusfacts,1
looks,15
items,2
drmdavids,160
menos,8
runs,3
hopes,3
authors,30
applications,27
sponsors,3
allons,2
nicolas,2
debates,8
skills,35
pearls,26
interactions,63
erstmals,3
medications,14
planets,1
guardians,1
whats,95
cons,9
secundarios,2
tablets,30
belongs,3
speakers,52
meetings,26
james,53
covidtreatments,2
nlsdays,1
nih,1
collins,2
lives,36
grows,4
accruals,1
nursetimes,1
aptos,2
values,9
efs,4
btk,4
stories,80
gamechangers,2
congrats,50
coauthors,4
supports,17
complications,79
promissores,2
covid,6
specialists,40
inhibits,33
burtons,1
briefings,2
netherlands,4
discuss,6
leusm,13
pharmashots,2
plans,25
forbesresearchers,1
smartnews,1
onconews,1
googlealerts,11
newsintweets,1
worldnewsintweets,1
activities,56
krebsmedikaments,1
moves,12
använts,1
calavi,2
ukhashtags,1
rttnews,2
victims,9
ajbcsurveys,1
breakingnews,5
soars,1
amp,35
respirators,1
heartnews,1
giants,5
bees,1
substans,1
coronavirusupdates,1
scenes,3
euros,1
sounds,5
biologics,41
jumps,1
scottadamssays,1
cocacola,1
thats,64
infections,106
coronavirus,1
analytics,14
googleads,1
facebookads,1
units,15
midteens,1
utswnews,11
impresses,2
advances,332
points,28
profiles,42
cuáles,1
condiciones,2
enfermedades,1
sheets,2
momarketupdates,1
bulls,1
approves,483
aiims,1
mclsm,1
differentiates,2
inhibidores,2
plays,6
davids,81
mutations,542
combinations,109
defines,11
users,16
phramatimes,1
thoughts,66
clinics,7
ibrutinib,23
kinaseinhibitors,3
veritas,1
pharmacyclics,38
donors,6
leaders,30
indications,75
sets,27
sights,14
steps,42
kinetics,13
statins,2
bras,2
tho,1
discontinuations,7
indicaciones,2
posts,18
numbers,43
execs,7
chemists,1
mercks,1
rivals,2
merckamps,1
jampampjamps,1
preuves,1
yields,25
cycles,23
cllpatients,16
nicholas,13
agencies,2
mechanisms,53
characteristics,48
induces,76
footsteps,3
updates,173
brands,2
responds,3
yrs,1
companynews,1
breaks,10
decreases,1
conclusions,12
curves,5
sessionresults,1
gchl,1
canadiens,1
advertisements,1
administrations,2
offers,31
otros,1
abstracts,56
changes,110
seizures,1
gains,26
scores,8
heats,4
uses,198
catches,3
breakthroughs,11
bloodcancers,42
hematologyconferences,5
cancerconferences,10
limitations,21
vs,5
fridays,2
flemings,1
fda,30
calquenceamps,2
imbruvica,3
garners,3
labs,5
pharmaindustrynews,1
withdraws,2
authorities,4
offerings,1
xers,1
canada,8
settings,28
oks,12
pharmacists,10
oncologypharmacists,1
grants,181
cllsll,5
abbvieamps,1
honor,1
obinutuzumab,4
chlorambucilobinutuzumab,1
advancements,33
platforms,1
sees,5
rogers,62
faculties,1
leerinks,1
porges,1
canadas,2
explains,49
compares,3
biotargets,1
efforts,45
mdedgetweets,4
astras,1
datapoints,1
products,12
raps,3
models,77
examples,6
forwardmedicines,1
fasenra,1
marks,14
controls,16
earns,1
endpoints,21
books,31
paths,11
analyses,14
abedin,1
aspects,28
spots,3
eps,2
af,2
alternatives,6
developments,87
lymphomanews,8
subsets,21
batches,1
nel,4
correlatives,1
tools,34
submissions,7
doors,5
zanubrutinib,1
knowyournodes,64
businessnews,4
prepares,3
cuts,3
eha,4
rejects,7
sans,5
pathways,58
antibodies,96
maddocks,1
calendars,4
prolongs,22
treads,5
bcellbloodcancers,1
goals,33
mono,1
tues,10
chairs,31
pharmacokinetics,20
anc,1
plts,1
observations,7
preps,8
reductions,21
nonhodgkins,98
bénefices,1
baselga,1
increases,36
patents,5
drugpatents,1
drugtrials,1
endpts,1
stops,8
plethora,1
ons,5
im,6
toxdiscontinuations,1
tours,4
sensanders,1
ashclinicalnews,24
aggiornamenti,1
mab,1
women,20
tregs,3
doses,48
classes,14
expirations,1
arora,1
waldenstrms,6
volunteers,17
listen,2
achieves,17
signals,24
hh,1
beats,3
doubts,1
frm,1
heres,53
rats,5
dogs,14
humans,8
metabolomics,5
dranasyounes,9
mes,2
considers,8
elderlypatients,3
treats,19
thursdaythoughts,6
flowers,5
preferences,4
concentrations,5
delays,36
rtoncologytimes,1
mantle,1
know,1
behindthelens,1
ics,1
datasets,4
tonights,12
forum,3
md,6
carolinas,3
explores,96
fdas,2
mutants,3
muts,2
trends,52
etiologies,1
lends,3
prices,82
delveinsights,2
acalabrutinibs,1
sideeffects,35
plaquetas,1
sciences,21
gtgt,6
barrientos,6
nonhodgkinslymphoma,1
oncogenomics,2
bloodadvances,38
pins,4
weve,5
milestones,14
rarecancers,2
rr,1
thetimes,4
investors,10
ngs,66
genomics,78
bodes,2
clears,8
approvalschanges,2
huisarts,2
confirms,9
mantelzellenlymphomen,1
royalties,6
expectations,21
secures,3
sues,1
cienciasmedicasnews,10
bumps,1
medscapes,6
nets,16
snags,10
sdbn,2
sfbusinesstimes,5
pages,3
strikes,4
londres,1
teams,26
shareholders,1
regulatoryaffairs,4
accelerata,2
drugsfingers,1
prexxartan,1
mrns,1
picks,9
acalabrutinb,1
recalls,1
retracts,8
admits,7
hillmen,131
cancerdrugs,9
improves,29
awards,29
cruises,8
salehstevens,1
treatmen,4
accepts,3
company_news,1
pediatrics,1
owners,3
designations,9
forecasts,19
drginsights,24
askdrgexperts,2
stresses,2
mysticstudiendaten,1
bcellmalignancies,4
lylcl,2
kinases,6
diagnostics,31
words,23
setbacks,2
hnscc,2
latters,1
talks,147
davies,6
hematologynews,2
challenges,121
choices,47
links,31
gaithersburgjobs,1
tres,15
tumores,11
raros,5
clashofclans,1
leaps,20
earningseyes,1
orphandrugs,1
acertapharma,1
nasdaq,1
voxmarkets,4
properties,9
acp,2
venetoclax,59
bets,1
acerta,1
buys,10
az,1
rights,16
stemcells,19
mptmeetings,1
navigates,12
investigations,10
dates,16
debbiemstephens,15
polymorphisms,3
projects,31
diseases,28
nodes,49
sweats,11
vaccinessavelives,1
matches,1
beneficiaries,14
considerations,61
guests,7
partners,57
luriecancers,1
huntsmancancers,1
patientpowers,6
families,62
lesions,18
bunkers,1
kids,12
opportunities,47
bloodcancer,5
surveys,5
categories,6
marcks,1
drivers,34
tracks,7
bridges,1
enhances,22
perturbations,1
interferes,3
factors,211
friends,71
cagr,2
bonemarrowfailures,1
rounds,21
biomarkers,75
survivors,50
biosimilars,16
genyo_pts,1
variants,25
heidiyates,1
humanities,1
ambassadors,5
cliniques,1
charities,6
services,35
lymphocytes,449
stores,4
employees,6
ilovechallenges,1
happyemployees,1
happycustomers,1
loyaltymatters,1
microarrays,5
methods,28
immunoglobulin,1
condolences,1
stankovics,1
determines,3
shots,5
underpins,1
noveltherapies,3
aberrations,33
deskwalls,1
lastdayvibes,1
covidvaccines,1
cards,4
solutions,115
caregivers,50
conquerbloodcancers,1
mediates,17
powerpatients,150
clinicians,24
topics,43
infecciones,1
hematorules,1
weloveourcustomers,1
warriors,6
shes,18
cancerpatients,51
brighamwomens,4
masks,7
modifications,12
epigenetics,51
anecdotes,4
advancedpractitioners,4
aps,10
tumors,44
logistics,4
nanocrystals,1
healthevoices,21
rnas,9
contributes,8
nonhodgkinlymfomen,2
photonicdevices,1
nanostructures,1
boards,4
wakeupyoufuckingdopes,1
polyhydroxyethyl,1
scaffolds,1
lymfomen,1
presentaties,1
lymphoidneoplasms,1
nosotros,2
publishes,9
recordings,7
eposters,1
clients,4
organs,6
pitfalls,3
thelancet,2
genes,147
immunoglobulins,8
deficiencies,2
hypomethlators,1
ribosomes,2
mississippi,1
enzymes,38
clinicalcaseseries,2
initiatives,18
nurses,25
chances,9
myeloidmaligancies,1
neutrophils,12
defects,6
risks,37
assistants,1
practitioners,5
vips,1
neoplasms,10
chilblains,1
deletions,18
variations,2
genetics,80
takeaways,14
hes,44
patientstories,2
cartcells,48
relations,1
jours,1
tiens,1
longtemps,1
cortes,2
locations,6
conducts,3
temps,2
lectures,4
gcc_cortes,1
alors,1
alterations,47
ulcers,3
cellulartherapeutics,1
frontiers,7
palpitations,1
effusions,2
hematologicmalignancies,5
dynamics,50
modulates,3
ikaros,3
afib,1
possesses,4
trajectories,3
barriers,15
measures,8
puiggros,2
funds,10
channels,7
panels,27
theres,39
residents,8
collaborators,12
join,14
professionals,33
kings,5
foreverkings,1
ehaguidelines,1
fields,8
stlvikinghoops,1
dolphins,1
ips,1
sehh_essig,1
professionalservices,1
matutes,5
laboratories,2
comorbidities,46
subpopulations,15
transgenics,1
advocates,36
journeys,6
weillcornells,3
mir,2
zusammen,1
lls,18
tasks,1
ups,8
downs,15
brings,5
omics,2
bioinformatics,40
credits,24
registrants,3
chemo,3
kicks,17
suppresses,2
programs,13
impairs,6
cllers,3
rd,1
fondazionetls,1
donnellystephen,1
simonharristd,1
asco_pubs,4
disparities,5
sessions,71
scenarios,9
cet,1
structures,2
nights,6
hematologists,16
floridacancerspecialists,1
perspectives,54
drives,6
triggers,16
chromosomes,3
larfors,1
prevents,6
tissues,18
micrornas,17
regulators,14
roles,16
determinants,24
statements,2
facilitates,1
chickens,1
publishers,3
obrtweets,7
virtualmeetings,1
vaccinations,7
flies,2
lanceren,1
billberries,1
feels,11
unites,1
leukaemia,2
prolymphocytes,3
weighs,3
workers,25
groundskeepers,1
aids,2
eomes,1
summaries,11
relatives,11
clladvocates,39
actions,8
thebethesdalabs,2
commonalities,1
bcells,64
autoimmunediseases,1
activates,3
pagels,2
means,10
millions,6
miles,6
goldilocks,3
maths,5
sterns,1
promotes,14
couples,7
lessons,17
ways,60
generations,2
minds,4
peterhillmen,1
lancets,1
adolescents,9
characterizes,3
geneexpressionprofiles,1
rapidimpactreports,1
microenvironments,1
corners,1
squirrels,2
interests,6
eymatters,6
fingers,4
records,1
letters,3
discussions,31
lots,33
parameters,4
hearts,2
appreciates,1
leukocytes,2
kucancercenters,1
parallels,2
matthewdavids,1
viruses,6
similarities,1
distinctions,2
assays,6
funders,4
freeges,2
providers,13
visits,13
persons,10
seychelles,1
nigeria,2
liberia,1
scissors,2
estimates,6
characters,3
thousands,5
impressions,2
behaviors,2
sommes,1
fiers,1
societys,1
gdtcells,2
immunopeptidomics,2
referrals,1
vjhemonc,4
provokes,1
miners,1
relapses,1
hans,2
bispecifics,2
tcells,42
study,3
cohabitants,1
scans,14
biopsies,3
mirnas,10
disorders,33
refers,3
networks,25
underlies,5
mazyar,1
treatmentcconsiderations,1
clinicalpracticeguidelines,1
tndailynews,1
nguyen,1
concepts,14
arrays,7
standards,23
hememalignancies,2
pictures,2
woods,2
displays,3
complexes,3
corticosteroids,1
calls,5
languages,5
vaccnations,1
hemmen,2
follicles,3
subtypes,27
nonaids,1
cc,3
indices,3
gmcrotty,1
organisations,7
annals,7
clls,6
danafarbernews,7
hemaspheres,1
fragments,3
bluebirdbio,1
gileadsciences,21
vesicles,13
extracellularvesicles,2
flavors,1
granules,1
individuals,41
nox,1
papules,1
steroids,4
predicts,24
avons,1
wegeners,2
mmsc,2
dampens,1
proteins,22
seasons,3
greetings,3
cooperations,1
enemies,1
empowers,1
arteries,3
cdror,1
carers,16
expands,14
blues,6
cfr,1
tweeps,4
thinkers,1
enhancers,6
conversations,10
slides,30
cancersucks,42
rearrangements,13
mabtas,1
alleviates,1
walzheimers,1
guys,16
fathers,9
vibes,3
signatures,8
dysfunctions,2
pathologists,9
immunotherapies,8
wilmotcancers,5
nodules,5
marketingsales,1
derivatives,4
ask,2
replays,5
transcripts,5
broadcasts,2
interviews,50
posters,10
hemorragia,1
kenreid_utv,1
roches,159
combos,16
messages,9
informatics,1
panelists,14
abnormalities,31
avenues,2
facilities,4
masses,5
idibaps,33
caveats,2
cellreports,4
carlas,1
weedkiller,1
abbvie,3
mobi,1
columbia,2
informcll,1
ighv,1
mtd,1
venclextavenclyxto,4
augments,5
anomalies,2
teaches,2
indicators,12
sums,5
covers,2
discoveries,21
subclones,5
matters,17
drscnspharmacists,1
roberts,15
toxicties,1
mrddriven,1
mabs,3
piers,9
mths,2
rbenda,1
dataset,1
ill,2
helios,40
nescafé,1
drmiguelperales,13
fischers,1
gaps,8
gotopers,1
presenters,2
weapons,2
saturdays,9
genomes,2
mdanews,1
treatmentnaïve,8
kudos,5
mskcc_onconotes,6
joins,2
peerviews,3
cllsm,10
tweets,9
lymphomas,1
themen,3
reasons,43
courses,33
objectives,2
lets,36
feet,7
comutations,1
carcinomas,1
traits,5
inclusions,5
villuendas,1
clemens,12
präsentieren,1
bigdata,5
procedures,4
complexities,7
metrics,2
technologies,18
caretakers,4
limits,5
uhhospitals,7
yearsdecades,1
analogues,1
aggregates,1
stains,1
yr,2
workshops,6
holidays,7
aggies,1
antioxidants,2
reactiveoxygenspecies,1
breakingdatas,1
celltherapies,1
ciberonc,1
huca_asturias,1
correlates,8
sheds,12
sars,1
focuses,3
timgalectin,1
muggles,1
bestofintentions,1
ranganathans,1
myeloma,2
possibilities,12
eshconferences,26
evaluates,2
moles,1
michaelmoles,3
examiners,1
miss,7
seats,3
storytellers,1
puppetpals,1
ey_matters,2
discussants,1
donations,4
edoriumjournals,1
mimetics,2
malignanciesinsights,1
scabies,2
marrows,1
films,3
starts,5
shapes,7
transcriptomics,2
stays,3
pancreas,3
reims,1
eres,1
prems,1
questionnaires,1
kostas,22
consequences,3
oakes,5
hurdles,6
chairpersons,2
restrictions,15
ennios,3
fears,9
communities,7
phases,15
haematologists,7
nadeudolors,1
elias,4
deanfacmatters,1
mornings,5
disagreements,1
supersquirrels,1
brothers,3
nicecomms,3
xerrades,1
cytomics,1
medivizor,5
founders,2
precautions,2
alles,1
speaks,8
forces,3
ensures,1
students,45
linguistics,1
fibers,1
extremities,1
correlations,1
pushups,3
rules,7
memes,1
cureleukaemiacancers,1
followers,9
followups,1
herpes,11
mrdresponses,3
kurtinsandra,1
monashuni,2
poses,1
genereviews,1
constructions,1
leaks,1
springs,5
slableakages,1
leukemias,5
partnerships,2
butt,1
costs,55
canadians,7
vietnamvets,1
webinars,11
cytogenetics,26
shoes,1
hands,13
troopers,2
schools,11
normafoleytd,1
doublets,1
thinners,4
anilines,1
biosciences,4
appointments,8
hugs,3
variables,15
winners,7
modulators,2
bioevents,3
exhibitions,3
senatorcollins,2
leukemia,7
mathews,1
names,7
lights,9
produces,4
andreas,6
certhellas,12
lyles,1
nathans,2
compounds,11
mets,1
worldseries,1
timeflies,1
spotlights,1
giannamores,1
scholaralerts,2
leakages,1
buildings,1
allans,2
politics,2
kills,4
origins,1
detects,3
regions,15
learners,1
practices,34
contacts,2
cramps,4
langerhans,6
antagonists,3
revistes,1
partialresponses,1
dec,1
come,5
primaryrocks,2
eyfsadventures,1
petes,1
antigens,5
ins,3
queremos,1
pete,1
tomorrows,10
nos,4
collègues,1
conseillers,1
pédagogiques,1
enseignants,1
hosts,6
segments,10
infrastructures,2
bits,2
mécanismes,1
umrd,1
cdncancertrials,1
immunogenetics,5
decades,14
info,1
addictions,1
accounts,8
teachers,4
regulates,2
affects,15
copyrights,2
athletes,2
remarks,3
childrens,6
managers,5
earlyyearssettings,1
bones,10
sll,3
healthgrades,1
noahs,1
tuesdays,3
myths,4
processes,3
bhargava,1
coquitlamreds,2
coaches,6
revelations,5
influences,7
georges,1
technologists,1
species,4
chudereims,1
healths,3
veterans,4
researchmatters,9
nemen,1
behandelproces,1
lees,2
marketsandmarkets,2
expressions,8
materials,4
ourexpresssions,1
roots,3
programmes,3
phonics,9
repeatedstories,1
inefficiencies,4
plaques,1
aires,3
zattas,1
rutgerscancers,2
evens,4
directions,23
pbachi,2
phlegm,1
liverspots,1
mls,1
sciencemajors,1
modalities,9
pauses,1
parties,7
breweries,1
barts,2
neogenomics,2
pros,4
biotechnologies,25
tina,1
orders,3
charts,3
hematologypharmacists,1
yes,10
masters,2
janssens,12
commissions,1
bites,3
alltrials,1
diversitymatters,1
folks,7
diabetes,8
aaronearlyyears,1
heroes,11
mrd,13
michele,1
orphandiseases,1
manifestations,3
virtualhem,1
discovers,2
cllthanks,1
seminars,8
forgottenfamilies,1
yates,1
publications,9
sims,7
deborah_sims,6
situations,1
ministers,1
retrotransposons,2
confers,23
wegohealthawards,1
nominations,8
clonoseq,26
papers,9
epidemiologists,1
trademarks,10
genericwords,1
techniques,9
pharmacogenomics,1
purposes,4
sentences,2
evidences,1
husbands,2
nccons,1
mato,3
sept,1
ohiostateimres,1
genetictests,3
establishes,2
nas,1
thinks,3
btkinhitors,1
obstacles,3
lymphomahub,1
risikofaktoren,1
connotations,1
consumers,1
chao,1
kahl,1
grantees,1
wednesdaythoughts,2
statpearls,2
tutkimus,1
aml,1
premiums,3
copayments,1
distinguishes,2
clones,15
institutions,4
ubereats,3
microfluidics,2
coutre,3
brutontyrosinekinaseinhibitors,1
wirksamen,1
allgtrials,1
puppets,2
talkmaths,1
pleases,1
worksheets,1
causes,26
interacts,1
mehr,1
bloodgenes,1
careers,4
proceeds,1
calm,1
dolors,1
rns,93
ancanthrowingbonesu,1
mercies,1
yitweets,1
helpinghandngos,1
securities,6
fibroblasts,2
utilities,2
peers,4
ars,1
faqs,1
fundamentals,1
traders,2
outpatients,1
endeavors,1
bradwouters,1
angeles,6
duke,1
fortins,1
prospects,8
associations,18
parents,7
todas,1
correctas,1
dependencies,5
collaborations,8
koffmans,9
mayopharmres,1
translocations,13
tatpremiers,14
industries,4
alerts,12
fres,1
sens,2
holdings,31
constraints,1
glenorabears,1
savings,8
chemoimmunotherapies,1
superspreaders,1
vstm,1
channel,1
clinadvances,22
sequences,6
principles,2
antihistamines,2
checkpoints,8
clusters,1
mdpijcm,1
manuscripts,1
votes,2
oats,1
cures,9
otahuhuleopards,3
visitors,3
roosters,2
chmp,1
natco,1
tatreserves,4
foods,3
supplements,22
competitors,5
mtgcll,1
más,1
herbalmedicines,2
nutraceuticals,2
patientprimarycells,2
plantextracts,2
mrds,1
glycodendrimers,2
lroekermdothers,1
anthonymatomd,11
newdata,1
kenneth,2
pharmacytimes,1
patientresources,1
zents,1
sundaythoughts,1
saveourshielders,1
metre,1
hornets,3
cellrx,1
clearances,1
三代目jsoulbrothers,1
newjersey,1
girls,6
mondaythoughts,1
richmondrovers,5
aquatechnics,3
upthemightyroosters,2
bulldogs,3
plesiomonas,2
shigelloides,1
dinners,1
powerfulpatients,28
outlines,6
campo,1
tammi,1
creates,4
tymyers,1
begins,3
positions,7
preserves,1
mitigates,1
ages,4
males,2
keeps,5
rutgers,2
nj,2
counterfeits,1
nanoparticles,8
fusions,1
performs,2
neighbors,1
covidー,1
poems,2
ams,3
cello,5
drops,3
surges,1
holders,3
announcements,5
infiltrates,4
oncternals,1
lifesciadvisors,1
spaces,4
combinaciones,2
hullhospitals,2
nottmhospitals,12
matrices,4
roundup,1
stereotypes,1
coins,5
sides,3
conditionwhen,1
daines,1
karyotypes,6
interruptions,5
autoantibodies,1
quiz,2
mosaic,1
quesyions,1
somethings,1
recovers,1
hangers,1
resumes,1
tears,2
multiοmics,1
platelets,4
ciloleucel,1
prayers,7
universityleeds,10
greats,1
advantages,7
monoclones,2
multiomics,4
july,1
vermonts,1
servants,1
mfi,1
mos,1
mervendalps,1
monocytederivedmacrophages,1
behindthescenes,1
steve,1
fills,3
tap_clin_trials,1
rx,3
lymphomnews,2
oncologytrials,1
proceedings,3
gehts,2
wednesdays,1
leeds,14
videos,19
horizons,26
propios,1
cohorts,7
topten,1
supporters,4
see,4
nonprofits,1
airports,4
planes,6
phytochemicals,1
ears,2
cancersurvivors,2
cbsnews,1
acids,3
asco,8
worlds,8
mimickers,1
consults,2
twists,1
neuropathy,10
wrapup,1
halvings,1
digitalassets,1
tgtx,2
ratios,1
jahren,1
fevers,3
upregulates,1
gekomen,1
steeds,2
drs,2
mitochondria,13
functions,15
lethal,2
restores,8
vhyrodrigues,1
trucks,3
quotations,1
eosinophilia,1
rises,3
reads,1
forwards,1
modifies,2
unrespons,1
futures,1
cnks,3
zorggids,1
histologies,1
ascodailynews,2
surfaces,2
consultants,4
cruk_bi,1
synergies,3
thorsten,1
digs,5
riches,2
artifacts,1
sms,1
kidneys,1
crews,3
cognitiveimpairments,1
carepartners,8
readers,1
quotes,1
medicalmnemonics,1
medcomics,1
fieldofdreams,1
alters,3
dudes,4
másterdigitales,2
clinicalpathways,3
transplantations,1
grades,2
cantidades,2
virtualtrials,1
reflections,13
slots,1
govuk,1
deliveries,1
sprays,1
acres,1
muses,1
skyrockets,1
participates,2
babies,4
pandemic,1
virus,1
outpts,1
inpts,1
virtuallectureseries,1
finds,17
legislators,1
judges,3
duties,3
copyrightdevelopments,1
relationships,15
strides,5
youve,14
chains,4
loans,1
expenses,3
lrrrlks,1
veggiesprotein,1
cmecredits,7
pads,2
pools,2
hematologicmalignanices,1
splits,1
amendments,1
homingreceptors,1
mayoclinics,1
lymphomen,3
us_fda,3
douglas,2
bdfacsmatters,1
singlecellmultiomics,1
notice,2
walks,5
haematologyregistrars,1
oncologynurses,1
sectors,1
goods,1
contenders,1
cancertips,1
academics,4
nhs,2
cheers,5
statistics,9
facts,10
pikinhibitors,3
televisits,1
recipients,3
transplants,18
demands,3
deadlines,2
applicants,2
journals,6
ah,2
solvents,2
delegates,1
disruptions,3
hodgkins,16
cocoons,1
americans,6
chases,1
likes,1
cll_news,4
facets,1
cllmonthlyminutes,1
infusions,7
wd,1
opinions,13
introns,15
fergalbowers,1
waves,1
makingwaves,1
isoforms,4
differs,8
counterparts,1
eyfs,2
wonderworkers,1
floors,2
writes,1
stayhomesavelives,2
realities,2
mecfs,1
sends,3
anthonymatomdothers,1
biotechniques,2
natcommun,1
juglans,1
suppressors,2
communications,4
battles,2
thurs,6
profits,13
revenues,1
physrelations,58
hardships,1
boys,4
citizens,1
politicians,2
actnowsavelives,1
mice,1
spt,1
gns,2
pals,4
believe,1
chills,1
costsavings,3
banks,1
bloodbanks,1
conferences,19
bbcyourquestions,1
representatives,6
distributors,3
didnt,5
resets,2
iggaggregates,2
remissionhard,1
strangers,1
robinroberts,1
successfulstudents,12
fractions,6
flascoevents,1
petermacres,2
majors,2
dodgers,1
majorsdodgers,2
jt,1
chemosucks,17
bloodcancerawarenes,1
immunotoxins,1
kenderian_ss,1
payasosasesinos,2
karla,1
twitterstorians,1
mybiotechniques,1
understands,1
wouldnt,1
karinas,1
loves,2
venetoflax,1
measurements,4
tribulations,3
hotspots,3
inspires,3
crs,1
starwars,1
cameras,1
voices,9
cascades,1
hallmarks,3
jaccjournals,3
basics,9
draws,1
trips,1
butterflies,1
caterpillars,1
places,11
rcts,1
youd,3
wars,1
biases,2
rahmen,1
kongresses,1
champions,11
leaflets,2
puntadiamantepisotonlikeforlikes,2
ae,2
website,1
wbcs,1
reps,2
contributors,1
mshadmans,1
smears,4
licenses,1
cancel,1
universitereims,2
magazines,2
races,1
riders,1
interrupts,1
sensitizes,1
councillors,2
metastases,2
fridaythoughts,3
johnshopkins,1
tams,2
stakes,1
superstars,1
earnings,2
rarediseases,5
traitements,4
ces,5
fellows,2
charles,3
databases,2
oncolytics,7
crossings,2
welovebooks,1
submit,1
closes,6
roads,2
cumplimos,1
moderates,1
k,4
nanoribbons,1
nkcells,5
elements,8
mmps,1
serumlevels,1
easpdivulga,1
toxins,2
implicates,3
kras,3
williams,2
shingles,8
cemm_news,3
cytopenias,1
attorneys,7
experienceresourcesresults,1
diagnoses,4
hundreds,10
penguins,1
illustrations,1
brustkrebs,1
mdandersons,1
colds,5
aims,4
weekends,4
venclyxto,9
myopathies,1
ofatumumab,2
primers,2
abwartendes,1
chicago,7
hires,1
inihibitors,1
weeds,5
sitges,1
bocks,4
opiniones,1
phoebeneedles,1
seniorprograms,1
bears,2
parts,8
clues,7
gomes,1
heukers,1
vulnerabilities,1
nyctanthes,1
moreoptionsmorechances,1
rees,1
perkins,1
specimens,3
daughters,3
nsfttweets,1
nsftjobs,1
fits,4
maps,4
stations,1
chemotherapies,1
anacatmenezes,1
batters,1
askpatients,1
i_ringshausen,1
smallcaps,1
indels,1
trisomies,2
skews,1
finals,5
mirs,1
chadrobbins,1
adaptives,1
cents,1
eines,1
teils,1
aggressiveres,1
welches,1
winnings,1
additions,1
leukämieformen,1
adpt,1
geriatrics,4
tam,1
tactics,1
bats,6
acronyms,1
margins,2
tgr,1
mentions,3
tackles,6
scholarships,3
succesfulstudents,1
patientamps,1
strati,1
predictors,10
bmats,1
yondelis,3
cryptonews,10
blessings,1
siblings,3
fungoides,1
emitters,2
proteomics,17
ventures,2
bcl,3
ribonucleoproteins,3
aceabiosciences,1
kols,7
lymphomaits,1
peaks,1
valleys,1
hills,2
kofinas,1
oers,1
tlymphocytes,3
imbalances,1
parkinsons,4
transfusions,3
photos,2
hub,1
targetedtherapies,3
theories,1
dougs,2
lawsuits,9
epigenomics,16
ashawards,2
dukegeriatrics,1
nerves,2
steeles,1
extras,1
snapshots,3
dreams,2
coombs,1
faucons,5
mondaynightibd,2
redes,1
sociales,1
individuales,1
dots,1
metaphases,1
carolamps,1
examines,4
progresses,1
feelings,5
sources,5
introduces,4
gumarelas,3
campeonas,1
felicitaciones,3
cities,2
delivers,15
syndicales,2
solidaires,1
nationwidekids,1
danafarbers,10
phospholipids,1
mnks,1
kurzen,1
pupils,1
lymphoidmalignancies,2
gretnhe,1
arqules,1
aurora,1
grandkids,2
greatgrandkids,1
mrks,1
clots,1
medicalsecrets,3
serves,2
monotherapies,5
phasephonics,1
welovenurseryrhymes,1
treasures,1
seth,1
pans,1
responders,6
threequarters,2
orr,1
stats,6
summarizes,1
stocktwits,1
patternsoutcomes,1
sociodemographics,1
jains,2
powers,10
chlorambucil,1
ncictep_clinres,2
fcr,5
abbv,2
alasdairrankins,2
visit,2
rts,2
activators,1
repressors,1
webcasts,1
levinecancers,1
previews,1
htn,1
spurs,2
grandrounds,4
animals,9
munchkins,1
senses,1
clinicalepigenetics,2
innovations,2
cdk,1
womans,2
mdedgechats,18
msc,1
argues,1
dvocapiata,33
structuralvariants,1
bionanogenomics,1
god,6
beliefs,1
downregulates,3
pairs,3
stratifications,1
thekylerees,1
bioinfowomen,1
kürze,1
clinicalupdates,5
alloscts,1
clivejames,1
yrscondolences,1
novembers,1
earlyyears,6
ash,3
ends,2
misteries,1
predispositions,2
pies,2
fixings,1
establishments,1
campaigns,11
clicks,1
healthinnovations,2
leverages,1
collects,1
acindes,2
maureen,1
betty,1
fdaapproves,3
parentscarers,1
modules,5
rcgpfaculties,1
immunodeficiencies,1
trays,1
eyfstwitterpals,4
puts,1
aspirations,1
tokens,4
imaginations,2
manages,1
bloodtests,2
olds,1
humpties,1
metaanalyses,1
kanti,8
raicriteria,1
descendants,2
rituximab,3
councils,1
cshealthservices,1
epitopes,2
herbicides,1
pesticides,1
ebook,1
dirittogiustizia,1
submits,18
pnas,1
melanocytes,1
galways,2
promotersenhancers,1
corresponds,1
élections,1
progressions,1
juntas,2
aefs,2
specialties,2
peptides,6
ltdbenefits,1
xenografts,2
fx,1
escalations,1
immunedisorders,1
dallas,4
injures,1
bretones,1
nuggets,1
kates,1
refreshments,1
corroborates,2
brooks,1
hazels,1
coloradomountains,1
pcr,3
vores,4
vi,1
degrees,3
hauntings,1
costumes,1
gràcies,1
donants,1
nosaltres,1
probiotics,1
shoppers,1
labels,2
packages,5
components,3
audiences,2
chefs,1
novedades,1
everythings,1
nutrients,3
nhanes,1
mickeyrubin,1
moderators,1
fireworks,2
figures,3
diagrams,1
foodsafetyrocks,1
membermondays,1
moments,2
peoples,1
bacteria,1
movies,1
calendar,1
willkommen,2
calories,1
farmers,11
bananas,1
dietitians,1
outs,1
peeps,2
liberatingres,1
experiments,5
cassels,1
filmstars,1
americanfootballcoaches,1
expresses,2
seeds,1
garcias,1
postappeals,1
ctoams,3
corinthians,16
habits,4
viewers,1
thumbs,1
natalia,2
desatenciones,1
bmes,1
emotions,15
smallmolecules,3
plates,2
recruits,3
eqas,1
accessibles,1
plateformes,1
novatrices,1
ressources,1
bibliothèques,1
universitaires,1
étudiants,6
moyennes,1
basses,1
rapids,1
hubby,1
carmen,21
lasgumarelas,3
nebula,1
melts,4
parcours,1
contenus,1
reviewtakes,1
summarises,2
rxpts,1
genequans,1
dominik,1
npetallides,1
patientadvocates,1
environments,1
props,2
storyprops,1
susies,1
chooses,1
americanairlines,2
doubles,2
separates,1
jenkins,1
vers,3
goles,2
lymphomaphilia,1
med_expressions,1
informations,2
apendavyom,1
strokes,3
carfangs,1
cégep,1
mg,4
iwcll,5
murano,1
passengers,1
monsanto,2
watchour,1
langerbeins,4
signalomics,1
copiktra,6
cofellows,1
pronounces,1
knowns,1
cllhz,2
workups,1
encourages,5
precisions,1
aboutlawsuits,2
dapprentissages,1
enfants,1
sévères,1
sentinel,1
plaintiffs,6
scotlands,1
acquisitions,3
headlines,5
images,5
citoyennes,1
pratiques,1
gibts,2
ales,2
ncs,1
ats,4
shifts,2
meals,1
moffitnews,1
avmajournals,1
igs,1
immunoproteogenomics,2
neoantigens,4
marketinsights,1
prognoses,1
mypanel,1
sfb,1
vacancies,7
likeforlikes,2
lawyers,2
aft_viten,1
chemokines,4
midlands,3
controversies,1
statnews,5
brno,1
deserves,1
barcodes,6
phenomena,1
checkpointinhibitors,7
professors,2
tramadol,1
medicalaffairs,2
boomers,1
sfolks,1
seniors,4
rooms,1
studygraphics,1
describes,4
leukaemias,1
planners,2
guides,5
melanoma,7
elephants,1
vitro,3
jcitnews,1
sideroblasts,1
mskhemonctrials,1
standoms,1
kjetiltasken,1
containers,8
ches,1
uq_news,1
socks,1
dyscrasias,1
weedkillers,1
bcmhoustons,1
covlibraries,3
librarytours,1
perceptions,4
leventhals,3
hematologic_cancers,1
ml,1
kinda,1
videowebinars,2
lms,1
testimonials,2
athletics,1
tedeschi,1
homes,2
jnjcares,1
startups,1
eduardalbertspartners,1
janssen,4
ucsdnews,10
willima,1
hubs,1
mseries,1
aseicanews,1
heralds,24
strories,1
bookworms,1
proposes,1
albums,2
sports,7
cellpressnews,1
bestmedicalnews,1
vacations,1
thorntons,1
cll_fighters,12
clubs,5
caps,1
hons,1
spares,1
spreads,2
paatients,1
googlenews,1
contributions,9
uobbiosciences,1
trunkextremities,1
exists,1
todata,1
biomedres,1
biomedicalopenaccessjournals,1
sections,4
radres,1
openings,6
st,2
superres,1
bids,1
celebrations,2
nresearchnews,3
greenlights,1
alemtuzumab,5
regímenes,2
cousins,1
pfizers,3
orthopedics,2
mdtvnews,2
savelives,1
optimize,1
graduates,3
screenings,2
mammograms,1
mghradchiefs,1
pills,5
licensors,1
iprights,1
tenemos,1
lineages,1
trumpets,2
carters,1
êtes,2
wings,1
capitalmarkets,1
apto,1
felicidades,2
tricitynews,1
cityofcoquitlam,1
bvenobi,1
opens,1
quinquenel,1
raises,1
arrivata,1
reprograms,1
landscapes,4
appoints,1
directors,3
lowplatelets,1
segmentations,1
associates,11
leads,5
provincials,1
allstars,5
wiestners,1
hematologicalmalignancies,4
wrks,1
principios,1
cure_magazines,2
knocks,1
refresh,2
validations,1
forums,4
exchanges,1
massgeneralnews,3
tickets,17
loosens,2
muscles,2
joints,6
bills,6
medicalbills,3
drgwennichols,4
makingmemories,1
exerts,2
anticoagulants,1
clinicianscientists,1
na,1
pagel,1
mygooddays,1
settlements,1
condoluci,1
couldnt,2
aczeldora,1
csababdr,1
myc,1
carreras,4
melenhorsts,1
attempts,1
cancerlaughs,1
wards,1
magicians,1
differentiations,1
gilles_salles,2
topic,1
mejores,2
venetoclaxr,1
nkrdata,3
rockies,1
baseballcards,1
disrupts,2
heights,5
attractives,1
epasenatorsreps,1
neues,4
publiclectures,1
screens,2
patientssurvivors,1
hints,3
toleropharmaceuticals,1
seconds,4
idiots,1
amsterdam,1
cllfighters,8
köln,1
residues,1
vtes,2
offices,3
happylawyers,1
womenmedicalleaders,1
eras,1
bertaboys,1
achievements,2
worldjuniors,1
alwaysanaxemen,1
jeff_sharmandrmdavids,1
lions,1
tables,3
gcllsg,2
illusions,1
leukemiasascodailynews,1
meetingofminds,1
gaylords,1
incidents,1
narratives,1
emotionssymptoms,1
jirsecondaryantibodies,1
economics,3
janssennews,1
chicagoevents,1
helbigs,1
waittheres,1
remodels,1
floras,1
cancellations,2
venobinutuzumab,1
everyones,8
ssbmt,1
trainees,1
friendships,1
docks,1
damages,1
rachelsnews,1
manifests,1
ci,1
rhythm,1
mothers,7
pretoria,1
abwarten,1
onlinekurs,2
selpers,2
gisteren,1
raptors,1
pets,6
iconoticies,3
flares,1
monitors,1
conceptos,1
danielmertens,1
deepdives,1
campeones,2
tuesdaythoughts,6
japan,2
pharmacy_times,9
medicine,1
busts,1
venetoclas,1
apps,1
versions,1
nips,1
rectors,1
undergoes,4
reservations,1
latestcomments,1
schedules,1
budgets,1
lyonel,1
israels,2
potentiates,1
definitions,14
glad,1
celegans,1
transcriptomes,1
kubernetes,3
salinas,2
keys,1
staffawards,1
bloodwise_res,1
june,1
dublins,1
regimes,1
fighters,5
miyita,1
magpies,1
readingskills,1
eyfsresources,1
profilers,1
oncologynews,5
minneapolis,2
remyma,1
mpnsm,1
kay,2
ionchannels,1
villyochristens,2
afholdes,1
onions,1
victoria,5
layers,2
identities,1
extends,2
stanfordmeds,1
dragons,1
afternoons,1
boxes,3
housesforstuffies,1
évolutions,1
cllleukemiacancerstinks,1
kansas,1
genials,1
tots,1
els,1
castors,1
molts,1
amics,2
lars,4
tammerfors,2
il,1
tshirts,2
csd,1
anyones,1
emissions,1
portals,1
stakeholders,3
ashighlights,1
themes,7
wheels,1
brussels,3
bunders,1
remnants,3
preprints,1
researchbymarkets,1
europes,7
koichi,1
cancergenetics,3
estaremos,1
affairs,4
lces,1
carls,1
antibiotics,1
kuykendallmd,1
clinicalnursespecialists,11
lectins,1
galectins,1
readings,1
afterwards,1
regiments,1
siddiqi,1
campfires,1
marshmallows,1
lucyevans,1
muñequeras,1
gisselbrechts,1
modify,2
exacerbations,1
pb,1
hprojects,1
guarantors,1
smudgecellsfordays,1
unitemps,1
bulletins,1
lauders,2
airlines,1
intricacies,1
pains,2
majorsangels,1
mixingcolours,1
recombinations,1
globalsummitonhemmalignancies,1
journalists,3
abbvieuk,2
kc,1
overcomes,5
clinicalgenomics,1
uoscares,1
storylines,1
accommodations,1
flyers,2
literacyworks,1
gnocchi,1
watches,1
smartpatients,3
revers,1
pedigrees,3
tra,1
addresses,4
payments,1
metamask,1
azhar,1
hackensackumc,1
coasters,1
claytonsprings,1
bc,1
jaceybuchorn,1
fdapatientinfo,1
fdapatientrepresentatives,1
decisionmakers,1
por,2
otins,1
lyft,1
derivates,3
aches,6
retweets,1
ggiacomelli,1
goldtigers,1
carts,4
tctm,1
solids,1
chapters,17
garciapardo,1
überlebens,1
w,2
mackay_matthews,1
fights,2
knees,8
blogs,9
cllreports,1
ángeles,1
fridayreads,6
effectssymptoms,2
rolls,1
carl,1
advsnces,2
colleges,1
partnercolleges,1
videointerviews,1
akademiforums,1
hashtags,1
vbl,1
pakistans,1
jess_l,1
tls,1
cancancerpatients,1
successes,4
gabo_boys,1
fans,7
natureprotocols,1
msks,3
lauren,1
flinders,3
lipidomics,1
lorneproteomics,1
wonders,1
wellbeingpets,1
andersons,1
compoundscurcumin,1
highs,2
intelligens,1
hanaholmen,1
primaries,1
gopats,1
gynnes,1
buckeyes,1
avhahoupdates,1
penncancers,1
sloan_ketterings,1
highintensitysignals,1
emails,2
treatmentoptions,2
pakistanpatients,1
jnjnews,3
concours,2
traces,3
asics,1
encontramos,1
warrants,1
sucks,3
brianhill_mdphd,1
valeria,1
félicitations,1
détails,2
newcastles,1
newcastlehosps,1
gutbacteria,1
organiseren,2
philosophiques,1
linguistiques,1
rewards,2
exams,3
factories,1
discussionspodcasts,1
étudiantsathlètes,1
propellants,1
morleyrobbins,1
cores,1
practiceguidelines,1
chores,1
justifies,1
asoresources,1
shakles,1
humanrights,1
mimics,2
riskfactors,2
sexmatters,1
prithviraj,1
sexdifferences,1
darlingtoncares,1
mmsm,4
doesnt,4
trans,1
schorr,1
mm,1
yorks,3
zealanders,1
reverses,8
echoes,2
truthbetoldseries,1
wishes,7
qmbcibarts,2
illnesses,5
dejamos,1
browns,1
filles,2
garçons,1
voulons,1
rencontreras,1
flirteras,1
targeteddrugs,1
geneticmutations,2
wraps,2
responsibilities,3
vascularnews,1
oxfords,1
muni_cz,1
youtube,1
shines,1
begs,1
outperforms,9
advisers,1
cocultures,1
trialupdates,9
blood_cancers,2
decembers,2
ragstoriches,1
amounts,2
cancermutations,1
pharmabiznews,1
outplays,1
cllbtc,1
cllnews,1
jnj,2
entreprenuers,1
aarongerds,1
fiercepharma,2
mins,4
medics,1
paces,1
finalyearmedics,1
servers,1
costcomparisons,1
phd,3
healthhashtags,1
tanyawildes,1
ouderen,1
profiteren,1
cllheroes,2
fatigues,1
trams,1
frans,1
årets,1
bendmustinerituximab,1
ratesresults,1
succes,2
favors,1
pres,15
branches,1
multiplemyeloma,2
meetups,27
truths,2
godisintbedetails,1
nuts,1
bolts,1
pm,1
br,2
plagues,1
rituxans,1
medcitynews,1
imbruvicacapsules,1
catchup,1
vets,2
drugtherapies,1
enanos,1
binds,1
txinstruments,2
lymphomaactions,1
drugtargets,5
cancertargets,2
foundations,1
fancies,1
lists,2
weds,1
cannabinoids,2
projections,1
healtheconomics,1
drugcosts,1
rhymes,3
cardsrads,1
initiates,3
needles,1
votevets,1
tcellrx,1
franks,1
frank,1
cllsas,1
innes,3
afghanistan,1
bucks,2
nurseryrhymes,1
erics,1
palms,2
algorithm,1
badges,1
evenings,1
paradigms,1
yohannes,1
hematogones,1
tpmutations,1
furman,1
patriots,1
migraines,1
mirna,1
lunchrefreshments,1
multistakeholders,1
joiningforces,1
cellulartherapies,1
diseasepathways,1
syndicats,1
nimes,1
vicens,1
réunions,1
jones,22
signalingpathways,1
transcriptionfactors,1
trendingnews,1
switches,1
actividades,1
ronnies,1
noveldrugs,10
classylookinglovers,1
oct,1
malek,1
colors,1
vids,1
monoclonalantibodies,4
interviewees,1
clips,1
northwellhealth,1
ictsnews,2
investigadors,1
milions,1
cèllules,1
campers,3
combines,1
bcllatlas,1
atlas,1
wweromanreignsamen,1
en,1
microbiomes,1
petits,1
tanners,1
epocrates,1
nccnnews,2
reviewers,1
celltrions,1
sinuses,2
nbnews,3
mans,1
cytokinemarkers,1
bestilles,1
importers,1
qualities,1
mycnsmatters,5
cds,1
öppnas,1
skärgårdshavets,1
archipelagobios,1
portsmouthnews,1
allisonjames,1
aacr,1
locales,1
travers,1
ricters,1
ppl,2
iniatives,1
pants,1
weinbergwins,1
verastems,2
marc,1
verastemoncologs,1
sinks,1
duvelisib,1
tumorales,1
lymphomaevents,1
gps,3
ganadores,2
colls,1
reptourneworleans,1
prevalences,1
onsies,1
manel,1
invites,1
surprises,1
pharmacotherapeutics,2
mbtopemployers,1
unmet,1
cit,2
blockchainnews,6
liquidassets,1
gehnhsnews,1
cryptocurrencies,1
video,2
operations,2
spreeksters,1
cornelis,1
hettyklavers,1
genders,1
nanopores,1
biorxiv,1
finances,1
casereports,1
jmedicalcasereports,1
carsten,12
mds,1
balkans,1
olderadults,2
leukaemiacareuk,2
biotherapeutics,1
festivals,1
coventrycc,1
guts,2
expochamps,1
warwickarts,1
archons,1
livechonews,1
mrna,2
alumni,3
find,1
nwhcnews,1
novelagents,2
healthtips,1
lamanna,1
halls,2
determinations,1
albumintofibrinogen,1
englands,1
lifts,2
cocktails,1
cellworks,5
clinicalsupplysolutions,1
imparables,1
crypto,1
scireports,1
connectors,1
eaves,1
suits,3
goodies,6
warkslibraries,5
returns,3
ncbi,1
ucirvinehealthshares,2
instructs,4
resembles,1
cobalts,1
mediators,1
pers,1
instructors,2
hematologymeetings,5
oncologymeetings,4
bata,2
appts,2
shadows,2
discussses,1
minimienoodles,1
premierpaints,1
maybakernigeria,1
jenwinsaunders,1
joe,1
scales,1
brander,1
practicalities,1
fundraisers,1
lands,1
ogroats,2
inflectionbiosciences,3
clinicaldata,3
hematologiccancers,1
uncovers,10
homeowners,5
bbcnews,2
sons,1
rawlings,1
yesterdays,3
admissions,2
cml,2
juli,1
promises,3
falls,1
warwickuni,4
runners,1
ordeals,1
bspr,1
francesrmays,1
arguments,1
pes,1
bastards,1
executives,1
routes,4
teammates,4
warwickcareers,1
memories,4
gallons,1
okcfoodies,1
tonsils,1
tonsillectomies,1
adverseevents,1
davaregionals,1
falzetti,1
clcares,1
methodologies,4
drelainevickers,5
middletonccnews,1
overs,1
encantas,1
ventas,2
poleras,1
darwins,1
cancertheradvsr,1
nonresponders,2
kitty,1
biophysics,1
tootsies,2
shoutouttheresearchers,2
tags,3
clinicalexperts,1
challanges,1
cllpts,1
oxsymp,1
mirfzdwntβcatenin,1
discutions,1
fungalinfections,1
hemonc,1
heals,2
raredisorders,3
cirmnews,4
temperatures,1
socrates,3
ukhouseoflords,1
lords,2
hopkins,1
mamartirenom,1
kindle,1
chshospitals,2
decorations,1
camp,5
gods,3
divisions,1
elaborates,1
guesses,1
winships,1
nuneatonnews,1
cirmtuzumab,1
essays,1
commitments,1
balances,2
otters,1
remi,1
grips,2
treatmentbarriers,1
transitions,1
crossroads,7
keeshas,1
bruises,1
testings,1
simoncoxreports,4
profpeterhillmen,2
hormones,1
familyfirstalways,1
icts,1
creatives,1
niggas,1
rsvp,1
scheuermann,1
releases,2
warwickuniawards,1
nejm,2
trains,1
obligations,1
denies,2
reds,2
semifinals,1
ceremonies,2
orioles,1
organoids,1
ladies,3
repbillflores,1
rubbingelbows,1
neuralstemcells,2
mats,1
ipads,1
newtreatments,2
casediscussions,1
successstories,1
mdpicancers,2
superfoods,2
diets,1
evenodds,1
accomplishments,2
ebmtpublications,2
parttimedegrees,2
exercises,1
crystalgenomics,1
saunders,1
odds,8
mortgages,1
trusts,2
threeeyes,1
flashbackfridays,20
rankings,2
motorskills,1
financials,2
upgrades,1
andrews,2
gonseth,1
stephens,3
fairytales,2
hippocrates,1
preexistingconditions,1
chiefs,1
croissants,1
hawkes,1
veterinarians,3
wphysicians,2
thejames,1
voorhees,1
bioenergetics,1
fab,1
departments,1
phd_idibaps,1
twothirds,2
strengths,1
cofounders,1
cyclacels,8
histories,3
bsh,1
bleedingdisorders,1
asznl,1
expert,2
buddies,2
icgc_news,3
plasmacelldisorders,3
für,1
cambridge_uni,1
officestudents,1
sbcousins,1
instances,1
graciastotales,1
saves,1
mikedicks,1
orleans,1
neworleans,17
styles,2
owens,1
rollins,1
younes,2
editors,5
alzheimers,1
petermaccallumcancercentre,1
abcnews,2
frauds,1
volvonights,1
elevatedminds,1
overviews,1
amhh,1
regulations,1
camps,1
bounties,1
bountyhunters,1
casestudies,1
neontherapeutics,1
frasers,2
nyc,1
mnts,1
compassionalways,1
frozen,1
crosshairs,1
rfs,1
gatherings,1
queries,2
sings,1
cryptocurrencynews,1
patricks,1
backgrounds,1
jeffs,1
cols,4
entities,2
ulcerssores,1
sores,1
universities,1
ciències,2
hgx_services,1
nhsleeds,1
minors,2
headsets,1
cams,1
pipelines,1
registries,1
customs,6
fordnigeria,1
mars,7
womens,1
tracts,1
petermaccc,1
designers,1
designs,1
motivates,1
lawns,2
dimetseminars,1
liaisons,1
devons,1
stimuli,1
travellingtipstricks,1
mechanics,1
kyles,1
matt,1
continents,1
chronic_myelogenous_leukemia,1
warnings,1
flakes,1
pirates,1
games,5
tix,1
lt,1
updatesadvances,3
mights,1
tigres,1
concachampions,1
veratsems,1
cllms,1
superenhancers,2
daves,1
ttpwwwasbmborgasbmbtodaynewsbcells,2
scoopit,1
karen,2
parks,1
coed,1
cllrangers,2
becomes,2
circuits,1
april,1
koorts,1
aegles,4
cooles,1
dancers,3
searches,1
nonmembers,1
podcasts,2
ce,1
telomerenews,1
telomeres,2
believers,1
enables,5
pieces,2
cailameneses,1
study_skills,1
devops,5
nora,2
primes,9
patientoutcomes,1
anonymen,1
bookings,2
ielts,1
cancerstudies,1
mps,2
mailboxes,1
lchf,1
buckslifemags,1
ageukbucks,1
ageukberks,1
tryouts,4
matthews,5
sandwiches,2
theodoros,1
outshines,1
expressseries,2
plusieurs,1
alliances,1
mergers,1
varies,2
nashville,1
zgfarchitects,1
bioengineers,2
drjefferyjones,2
pits,1
moleculardiagnostics,1
sciencenews,2
hw_bucks,1
christmas,1
optimists,1
personalize,1
summers,1
fromrwe,1
wells,1
priorities,8
th,3
expectancies,1
docs,1
coles,2
hampers,2
newsletters,1
pantas,1
plussers,1
bloedkankertrials,1
booklets,3
mips,2
macra,1
prescribers,1
michael,1
nows,1
surgeries,1
trounces,1
pt,3
enterprises,1
suppliers,1
appraisals,1
helen,1
drnashawinters,1
ambitions,1
vegetables,1
respons,1
progres,2
routines,1
silverstars,1
honouryourcoaches,1
rangers,6
holograms,1
ny,1
bodybuilders,1
meixiao,1
morsels,1
precursors,1
hca_news,1
ses,2
nations,10
maxnews,2
fisheries,15
reporters,1
oceans,2
arusha,1
obligatoires,1
shorties,1
uniforms,1
newbies,1
cutoffs,1
medetails,1
healthyholidays,1
eveningnews,2
établissements,1
lors,1
archives,1
départementales,1
ticks,1
frameworks,1
myeloproliferativeneoplasms,1
newark_beths,1
cancertrials,1
oportunitoes,1
myth,2
drloscertales,1
moms,2
strongyloides,1
demystifies,1
junes,1
casemanagers,1
putos,1
patientscaregivers,1
cochairs,1
awaits,1
rm,1
vamos,2
cares,2
polors,1
sustains,1
glenn,7
hamburgers,1
lowers,1
crafts,1
disclosures,1
kwons,1
examinations,2
substances,1
workplaces,1
vphawards,1
ga,1
pointers,1
outsmarts,1
ccl,1
curatethecurators,1
libres,1
clubdeslogicielslibres,1
recibirnos,1
lisa,1
wnonhodgkins,1
celebramos,1
familia,1
ers,3
présents,1
sufferers,4
coops,1
prostheticbras,1
sodas,1
pharmacies,1
fcgreceptors,1
pickuplisten,120
newvisuals,1
combinationtherapies,1
gimnastas,1
mds_niels,1
puddles,1
contexte,1
shoots,2
makers,2
dogrschools,1
bloodcounts,1
sits,1
atualumni,1
policiales,1
militares,1
mom,1
anyways,1
stunts,1
signposts,2
hairdressers,2
nails,1
turtles,2
newsingledrops,1
tag,1
lonestars,1
abbvieroches,3
pats,1
melhora,1
bloggers,1
dominoes,1
pathogens,1
bmedcancertrials,2
lectores,1
lowstakes,1
alisonevans,7
terryhamblins,1
fruits,1
cllexperts,1
bloodcancerawarenessmonth,1
agingdata,9
copies,1
muchas,1
hendersons,1
argos,1
postvenetoclax,1
rockymountaincancercenters,6
origenes,5
cllorigenes,4
pri,1
rockymtncancercenters,5
ajkd,1
ribbons,1
imermanangels,4
exosomes,10
andrewschorr,1
pingworks,1
noncodingrna,1
ids,1
cancerresoures,1
richardfurmanmd,1
cancerresources,12
clinoncnews,2
royals,6
draxnews,1
mens,1
vacaciones,1
prognosticators,1
deubiquitinases,1
nonmedics,1
missiles,1
langues,1
fraffaires,1
cusp,1
instructions,1
grounds,2
et,1
cns,1
royalcollegeofphsycians,1
nktcells,1
soaps,1
pk,1
stars,5
templates,1
agonists,3
senators,1
nowadays,1
dukecancers,1
rrms,1
thursdays,1
bloodcancersymptoms,1
leukemiacauses,1
commandments,3
lymphnodes,1
feinstein,1
icml,1
outlooks,2
sonsdaughters,1
suffers,2
fagans,1
addenbrookes,2
magallanes,8
advises,1
manuals,1
elicits,2
pennmednews,11
pennmedicines,3
intrigues,1
sapiens,2
nadeembakers,5
references,1
cardiffuni,1
brians,1
atm,1
commonworks,1
ethioskyscarves,1
meip,1
sebaperezfotos,1
sdds,1
onogs,6
dawns,1
chelseachampions,1
screenshots,1
immunizations,1
hybrigenics,1
inyeahns,1
indians,1
legends,1
younginvestigators,2
bloodreviews,1
derbyearlyyears,1
troglodytes,2
arrhythmias,3
nuimgrandrounds,1
drones,2
muchísimos,1
nervios,1
alle,1
finales,1
ct,3
titles,1
galvanises,1
dictates,1
cubs,1
juniorcubs,1
barnes,2
bodyguards,1
healers,1
bigdogs,1
chats,1
cscancerinflam,1
gurgaon,1
nccnguidelines,1
apshoexperts,2
bergers,1
drrobertoconnors,1
nastydrugs,1
pnasnews,2
goedes,1
neoons,3
redrowhomes,1
savills,1
praises,2
despues,1
adams,1
qampa,1
drmatasar,1
chemoprotocols,1
resistancemechanisms,1
shm,2
momentums,1
patientscarers,1
downloads,2
gymnastics,1
flights,1
tntprairies,1
diseaseprimers,2
smes,1
bmtsm,1
mcdonalds,1
applies,1
evals,1
apologies,1
km,11
findcures,2
reminds,1
mariovellasvictoryagainstals,1
mariovellasfightagainstals,1
aftimos,1
fleshes,1
georgios,1
dinformations,1
federations,1
sportives,1
wolves,1
cambios,1
inmunes,1
quebec,1
miracles,2
shipments,3
cy,1
naturecomms,1
vetmedics,1
slims,2
moores,3
tubes,1
ondecksports,1
nationalparks,1
mcwilliams,1
antibodytherapeutics,1
pharmacotherapies,2
endorses,1
reccomendations,1
autopsy,1
leveren,1
icgebseminars,1
collegelifelit,1
pseudofollicles,1
myeloblasts,1
عطنا_معلومه_من_اختبارك_بكره,1
sandra,1
vendors,8
lipoproteins,2
miniseries,1
malignos,1
carnivalfantasydancers,1
greattimewithfriends,1
brakes,1
karens,4
cognonews,1
allfacts,1
annes,1
cookies,1
clincancerres,3
clothes,1
supplies,1
os,1
lipids,3
bgi_events,1
platelts,1
combo,1
diseasenicholas,1
cllleusm,1
charactermatters,1
champs,2
nears,1
shades,1
tube,1
defenders,1
leukemiamdas,1
släppts,1
usoncologynetworks,1
secrets,1
phenotypes,1
rstats,3
algorithms,3
celgenes,1
membres,1
shelterins,3
tsa,1
dfw,1
columbiameds,1
stkm_news,1
converges,1
diverges,1
mpncll,2
cllhorizons,3
microrna,1
necesidades,1
asktheexperts,1
alleles,1
windows,1
prognostics,3
mplns,1
nonhodgkinamps,1
clinicans,1
rors,1
kips,1
hts,1
carnivalcruiselines,1
playlistproductions,1
periclesfp,1
infinitypharmaceuticals,1
cancercares,1
specimen,2
yeah,1
directmarketinghotels,4
getleads,4
mpln,2
lankenaugrandrounds,1
leonigeria,1
min,1
turbodepths,1
equals,1
mcmasters,1
tune,1
fnrawards,1
diskutieren,1
seminarseries,1
trebuchets,1
cows,1
clinicatrials,1
affirms,1
sopars,1
lliberals,1
uhn_news,1
officers,1
depths,1
bobofraggles,1
guysgals,1
southamptons,1
briefs,1
cirs,3
propels,1
antimalarials,1
nct,3
nks,1
exports,1
businesses,1
fractures,1
confounders,1
northfields,1
beautifulskies,1
payers,1
chiquits,1
winnipegrha,1
friskies,1
newyorkhealthworks,1
cushions,1
descifradas,3
mutaciones,3
causantes,2
wrinkles,1
birds,2
suspects,1
cancerres,1
fc,2
leukemiasucks,1
advies,1
mrdneg,1
eams,2
wankers,1
flu,1
classifications,1
shoutgamers,1
codsandscrims,1
macrolides,3
plata,1
granulocytes,1
metro,1
nyredbulls,5
apsho_experts,8
rescues,5
itunes,40
hilmen,1
pplc,1
costas,1
moins,1
wyour,1
ducklings,1
hats,1
stylistics,1
clic_dickens,1
districtchamps,1
goodbye,1
problemschallenges,1
sails,2
maurerstats,1
välkommen,2
màquinas,1
kartaganers,1
paints,1
nhldraft,1
sumners,1
herbs_remedies,1
pics,3
toes,1
narcoperros,1
monteria,1
cordoba,1
welcomes,1
twitterads,1
nationals,1
recaps,1
betters,1
reiterations,1
exploits,1
broadens,1
flashes,1
dartigeas,1
tn,1
dyk,1
expires,1
aes,1
mascaras,1
mcri_for_kids,1
bonitos,1
grandma,1
dimen,1
sags,1
specialtyptimes,1
weismans,1
thankyoucards,1
gifts,1
health_news,2
sayings,1
encuéntranos,1
annas,1
masterfeeds,1
fesses,2
fines,2
weatherexpectations,1
mentalhealth,1
amiens,1
cfc,2
bergues,1
smps,1
estamos,1
jaypsalespro,1
strings,1
menu,1
bovishomes,1
gras,1
puntuables,1
furries,1
uncertainties,1
sundays,1
influencers,1
sharmans,2
ev,1
historia,1
videowalls,1
agers,1
microvesicles,2
cts,1
clinicalresearchtrials,1
allthehyphens,1
nccnac,2
immunomedics,1
klf,1
speeds,1
diplomas,3
abbottnews,1
hayesnews,1
sisters,1
fees,1
africans,1
currcancerdrugtargets,1
researches,2
cypa,4
greggamps,2
inhibitortreatments,1
gribbentimes,1
ask_experts,1
inspiringpossibilities,1
changers,1
follikulären,1
anders,2
allele,1
mitochonnews,1
contracts,1
encodingnumbers,1
enhancements,1
patientchat,1
prairielakes,6
prays,1
maßnahmen,1
halts,2
drdavids,1
unodelossectores,1
niñosniñasyadolescentes,1
greatnews,1
rt,1
jampjabbvies,1
boils,1
nice,1
doxorubicin,1
fellowships,1
dad,1
nelia,1
congresses,1
teamdiabetes,13
surrogates,1
atas,2
patientreportedoutcomes,2
mi,4
behandelingsopties,1
medtechbabyknows,1
hicks,2
hcsm,1
illinoissocialworks,1
centres,1
reflektieren,1
medhuérfanos,1
targetdrugs,1
acalabrutinibbrutons,1
hromas,1
nephpearls,1
buffalobandits,1
genmabs,1
depends,1
llsinthenews,2
hows,1
lymphco,1
suggestions,1
tendencies,1
glennsabins,1
mereces,1
link,1
spirits,1
finkers,1
benchmarks,1
checklisten,1
apartments,1
happyclients,1
dallasapartments,1
knowledgeisbestrx,1
yikes,1
vandyhofellows,1
wow,1
komonews,1
telephones,1
toddlers,1
n,2
halves,1
respnses,1
firstempressions,1
derives,59
techpro,1
wisenews,4
futureworldnews,3
celebrities,1
worldnews,1
innovativesolutions,1
gileads,10
res,2
tsangs,1
builds,1
helena,1
chi,1
sweets,1
emergingdrugs,1
itworks,1
toleros,1
arrestassignsubsets,3
clinicaltria,1
romans,2
npgnews,1
normans,1
literários,1
ebooks,1
writers,2
canadianrockies,1
mtmdphd,1
angels,2
medstudentproblems,1
aan,1
enthusiasts,1
preliminares,1
artists,3
heinz,2
nuestros,1
parquedelosnovios,1
byrds,2
jaadcasereports,2
hematogeriatrics,1
wcmnypjcto,1
potentes,1
dozens,1
assesses,2
autoimmune,3
mañana,1
johannes,1
loads,1
leukemialetters,1
nhl,1
metas,1
pommes,1
entradas,1
buttons,1
biobetters,1
cardiacgenomics,1
worries,1
subscribers,1
nccnmeetings,1
interims,1
app,1
disappointments,1
piggybanks,1
humanidades,2
gros,1
swingers,1
subdivisions,3
venules,1
serviceebooks,1
bmb,1
tg,1
dies,1
worldpharmanews,1
jessetinks,1
engineers,1
oils,1
irres,1
workouts,1
surgeryyikes,1
simons,1
wayne,1
powerfulwords,1
klasemen,1
flips,1
zatans,1
patientshelpingpatients,1
gumballs,1
mountains,1
pharmacogenetics,1
assignsubsets,1
malignacies,1
classics,1
bestfreinds,1
spells,1
selects,1
cllwhats,2
beasts,1
deregulates,1
losers,1
sfc,1
listings,1
losses,1
conkers,1
cats,1
horas,1
files,2
capabilities,2
salespromotions,3
lyrics,1
rpts,1
clinicals,1
highlighlts,1
bestfriends,1
poitoucharentes,3
compartments,1
komen,1
lopes,7
felizlunes,1
cr_uk,1
barilochemes,1
shakes,1
montonsports,1
arzerra,2
erreurs,1
faites,1
cancersnews,1
mcmasteru,3
wohoo,1
unders,1
concludes,1
rivetti,1
cantabria,1
austria,1
gnwnews,1
cronies,1
montonsquad,1
médiques,1
furmans,2
thwarts,2
cr,1
floridas,1
progressors,1
lessens,1
q,1
notchcmyc,1
préinscriptions,1
créons,1
roomies,1
ethics,1
vampires,1
rforbiochemists,1
haces,1
acts,1
ims,1
paycations,1
merits,1
designates,3
slips,1
editorials,3
gustas,1
cllmemortweets,1
toujours,1
mieux,1
strongvideos,12
graphics,1
tga,1
hikes,1
ekata,1
wpatients,1
numériques,2
coplayers,1
altas,1
impactpaques,1
tapes,1
leagues,1
animalmodels,1
transformations,1
foodallergies,7
prediabetes,7
hives,7
achilles,1
polypeptides,1
delata,1
lads,1
prooxidants,1
cllsllbloodpathologists,1
magalles,1
rna,1
havenots,2
kommen,1
christophers,1
snpmicroarrays,1
georgiaregents,1
newcar,1
phalloides,1
openingceremonies,2
zotroots,1
stalls,1
msn,6
antibodynews,1
socios,1
viernes,1
familiares,1
whistlerlymphoidmalignancies,1
lhawards,1
dercums,1
poitiers,1
workloads,1
trynna,1
miércoles,1
clases,2
deposits,1
respirologycasereports,1
effectsdrdavids,1
hermanfinkers,1
prizes,1
competitions,1
mums,1
lunes,1
conversaciones,1
serenata,1
tentaciones,1
faith,1
retouches,1
factoids,2
mylittlemvp,1
monica,1
piles,1
geomechanics,1
civilworks,4
machines,2
stonecolumns,1
columns,1
eudiseaselens,3
eagles,1
miercoles,1
managerscoaches,1
crowd,1
gosquirrels,1
auctions,1
meilleures,1
manques,1
transfers,1
cleaners,1
necesitamos,2
aggresivenes,1
implants,2
nvvh,1
lobo,1
busques,1
jeff_mats,1
malas,1
fixtures,1
gerrards,1
